id_phys_loc_dim,phone,repository,coll_name,coll_num,id_location_dim
NULL,1,John Walsh,NULL,NULL,Personal Collection
1,John Walsh,NULL,NULL,Personal Collection,NULL
US,NULL,1,John Walsh,NULL,NULL
25704,1,John Walsh,NULL,NULL,Personal Collection
2164,1,John Walsh,NULL,NULL,Personal Collection
10465,1,John Walsh,NULL,NULL,Personal Collection
94116,1,John Walsh,NULL,NULL,Personal Collection
18603,1,John Walsh,NULL,NULL,Personal Collection
US,18603,1,John Walsh,NULL,NULL
62042,1,John Walsh,NULL,NULL,Personal Collection
US,15104,1,John Walsh,NULL,NULL
CA,NULL,1,John Walsh,NULL,NULL
US,91776,1,John Walsh,NULL,NULL
US,66002,1,John Walsh,NULL,NULL
US,94116,1,John Walsh,NULL,NULL
14226,1,John Walsh,NULL,NULL,Personal Collection
US,14226,1,John Walsh,NULL,NULL
11237,1,John Walsh,NULL,NULL,Personal Collection
US,7107,1,John Walsh,NULL,NULL
60511,1,John Walsh,NULL,NULL,Personal Collection
53172,1,John Walsh,NULL,NULL,Personal Collection
48073,1,John Walsh,NULL,NULL,Personal Collection
60628,1,John Walsh,NULL,NULL,Personal Collection
11235,1,John Walsh,NULL,NULL,Personal Collection
11208,1,John Walsh,NULL,NULL,Personal Collection
64110,1,John Walsh,NULL,NULL,Personal Collection
11565,1,John Walsh,NULL,NULL,Personal Collection
15205,1,John Walsh,NULL,NULL,Personal Collection
20902,1,John Walsh,NULL,NULL,Personal Collection
14625,1,John Walsh,NULL,NULL,Personal Collection
92704,1,John Walsh,NULL,NULL,Personal Collection
9332,1,John Walsh,NULL,NULL,Personal Collection
44313,1,John Walsh,NULL,NULL,Personal Collection
11374,1,John Walsh,NULL,NULL,Personal Collection
11106,1,John Walsh,NULL,NULL,Personal Collection
US,11106,1,John Walsh,NULL,NULL
61244,1,John Walsh,NULL,NULL,Personal Collection
63137,1,John Walsh,NULL,NULL,Personal Collection
49224,1,John Walsh,NULL,NULL,Personal Collection
7005,1,John Walsh,NULL,NULL,Personal Collection
49501,1,John Walsh,NULL,NULL,Personal Collection
13440,1,John Walsh,NULL,NULL,Personal Collection
78411,1,John Walsh,NULL,NULL,Personal Collection
87502,1,John Walsh,NULL,NULL,Personal Collection
27706,1,John Walsh,NULL,NULL,Personal Collection
48043,1,John Walsh,NULL,NULL,Personal Collection
97230,1,John Walsh,NULL,NULL,Personal Collection
60010,1,John Walsh,NULL,NULL,Personal Collection
11355,1,John Walsh,NULL,NULL,Personal Collection
1523,1,John Walsh,NULL,NULL,Personal Collection
88001,1,John Walsh,NULL,NULL,Personal Collection
63111,1,John Walsh,NULL,NULL,Personal Collection
57103,1,John Walsh,NULL,NULL,Personal Collection
48220,1,John Walsh,NULL,NULL,Personal Collection
61108,1,John Walsh,NULL,NULL,Personal Collection
77550,1,John Walsh,NULL,NULL,Personal Collection
85326,1,John Walsh,NULL,NULL,Personal Collection
US,85326,1,John Walsh,NULL,NULL
53705,1,John Walsh,NULL,NULL,Personal Collection
2401,1,John Walsh,NULL,NULL,Personal Collection
45102,1,John Walsh,NULL,NULL,Personal Collection
19131,1,John Walsh,NULL,NULL,Personal Collection
23602,1,John Walsh,NULL,NULL,Personal Collection
70012,1,John Walsh,NULL,NULL,Personal Collection
94703,1,John Walsh,NULL,NULL,Personal Collection
44111,1,John Walsh,NULL,NULL,Personal Collection
55417,1,John Walsh,NULL,NULL,Personal Collection
2138,1,John Walsh,NULL,NULL,Personal Collection
14063,1,John Walsh,NULL,NULL,Personal Collection
79701,1,John Walsh,NULL,NULL,Personal Collection
US,79701,1,John Walsh,NULL,NULL
1223,1,John Walsh,NULL,NULL,Personal Collection
16701,1,John Walsh,NULL,NULL,Personal Collection
8102,1,John Walsh,NULL,NULL,Personal Collection
33157,1,John Walsh,NULL,NULL,Personal Collection
21221,1,John Walsh,NULL,NULL,Personal Collection
70122,1,John Walsh,NULL,NULL,Personal Collection
60623,1,John Walsh,NULL,NULL,Personal Collection
64119,1,John Walsh,NULL,NULL,Personal Collection
60942,1,John Walsh,NULL,NULL,Personal Collection
96291,1,John Walsh,NULL,NULL,Personal Collection
63132,1,John Walsh,NULL,NULL,Personal Collection
14420,1,John Walsh,NULL,NULL,Personal Collection
44125,1,John Walsh,NULL,NULL,Personal Collection
95127,1,John Walsh,NULL,NULL,Personal Collection
21123,1,John Walsh,NULL,NULL,Personal Collection
68132,1,John Walsh,NULL,NULL,Personal Collection
10025,1,John Walsh,NULL,NULL,Personal Collection
48210,1,John Walsh,NULL,NULL,Personal Collection
US,48210,1,John Walsh,NULL,NULL
96346,1,John Walsh,NULL,NULL,Personal Collection
NULL,2,Michigan State University,517-884-6471,Michigan State University Libraries,Comic Art Collection - Comic Books
78701,1,John Walsh,NULL,NULL,Personal Collection
UK,NULL,1,John Walsh,NULL,NULL
US,2920,1,John Walsh,NULL,NULL
US,12037,1,John Walsh,NULL,NULL
US,90064,1,John Walsh,NULL,NULL
20740,1,John Walsh,NULL,NULL,Personal Collection
11220,1,John Walsh,NULL,NULL,Personal Collection
9125,1,John Walsh,NULL,NULL,Personal Collection
US,92707,1,John Walsh,NULL,NULL
92707,1,John Walsh,NULL,NULL,Personal Collection
2186,1,John Walsh,NULL,NULL,Personal Collection
US,2186,1,John Walsh,NULL,NULL
95405,1,John Walsh,NULL,NULL,Personal Collection
53223,1,John Walsh,NULL,NULL,Personal Collection
55431,1,John Walsh,NULL,NULL,Personal Collection
20034,2,Michigan State University,517-884-6471,Michigan State University Libraries,Comic Art Collection - Comic Books
US,10462,1,John Walsh,NULL,NULL
77015,1,John Walsh,NULL,NULL,Personal Collection
46656,1,John Walsh,NULL,NULL,Personal Collection
US,96746,1,John Walsh,NULL,NULL
96746,1,John Walsh,NULL,NULL,Personal Collection
8805,1,John Walsh,NULL,NULL,Personal Collection
76086,1,John Walsh,NULL,NULL,Personal Collection
75801,1,John Walsh,NULL,NULL,Personal Collection
60025,1,John Walsh,NULL,NULL,Personal Collection
US,60025,1,John Walsh,NULL,NULL
48867,1,John Walsh,NULL,NULL,Personal Collection
79107,1,John Walsh,NULL,NULL,Personal Collection
91790,1,John Walsh,NULL,NULL,Personal Collection
US,32205,1,John Walsh,NULL,NULL
US,55411,1,John Walsh,NULL,NULL
79045,1,John Walsh,NULL,NULL,Personal Collection
US,79045,1,John Walsh,NULL,NULL
US,45408,1,John Walsh,NULL,NULL
9407,1,John Walsh,NULL,NULL,Personal Collection
63701,1,John Walsh,NULL,NULL,Personal Collection
21216,1,John Walsh,NULL,NULL,Personal Collection
99737,1,John Walsh,NULL,NULL,Personal Collection
60649,1,John Walsh,NULL,NULL,Personal Collection
98103,1,John Walsh,NULL,NULL,Personal Collection
96325,1,John Walsh,NULL,NULL,Personal Collection
US,6511,1,John Walsh,NULL,NULL
2907,1,John Walsh,NULL,NULL,Personal Collection
US,2907,1,John Walsh,NULL,NULL
10012,1,John Walsh,NULL,NULL,Personal Collection
US,10012,1,John Walsh,NULL,NULL
US,27706,1,John Walsh,NULL,NULL
27344,1,John Walsh,NULL,NULL,Personal Collection
7055,1,John Walsh,NULL,NULL,Personal Collection
9165,1,John Walsh,NULL,NULL,Personal Collection
55767,1,John Walsh,NULL,NULL,Personal Collection
6460,1,John Walsh,NULL,NULL,Personal Collection
77036,1,John Walsh,NULL,NULL,Personal Collection
60435,1,John Walsh,NULL,NULL,Personal Collection
9154,1,John Walsh,NULL,NULL,Personal Collection
8080,1,John Walsh,NULL,NULL,Personal Collection
15701,1,John Walsh,NULL,NULL,Personal Collection
60622,1,John Walsh,NULL,NULL,Personal Collection
7111,1,John Walsh,NULL,NULL,Personal Collection
11701,1,John Walsh,NULL,NULL,Personal Collection
6497,1,John Walsh,NULL,NULL,Personal Collection
15434,1,John Walsh,NULL,NULL,Personal Collection
44109,1,John Walsh,NULL,NULL,Personal Collection
18901,1,John Walsh,NULL,NULL,Personal Collection
2155,1,John Walsh,NULL,NULL,Personal Collection
90813,1,John Walsh,NULL,NULL,Personal Collection
90025,1,John Walsh,NULL,NULL,Personal Collection
8611,1,John Walsh,NULL,NULL,Personal Collection
6902,1,John Walsh,NULL,NULL,Personal Collection
10468,1,John Walsh,NULL,NULL,Personal Collection
39530,1,John Walsh,NULL,NULL,Personal Collection
7106,1,John Walsh,NULL,NULL,Personal Collection
11224,1,John Walsh,NULL,NULL,Personal Collection
72315,1,John Walsh,NULL,NULL,Personal Collection
64573,1,John Walsh,NULL,NULL,Personal Collection
US,64573,1,John Walsh,NULL,NULL
39041,1,John Walsh,NULL,NULL,Personal Collection
11206,1,John Walsh,NULL,NULL,Personal Collection
45233,1,John Walsh,NULL,NULL,Personal Collection
6251,1,John Walsh,NULL,NULL,Personal Collection
38834,1,John Walsh,NULL,NULL,Personal Collection
96602,1,John Walsh,NULL,NULL,Personal Collection
14207,1,John Walsh,NULL,NULL,Personal Collection
20910,1,John Walsh,NULL,NULL,Personal Collection
96601,1,John Walsh,NULL,NULL,Personal Collection
11756,1,John Walsh,NULL,NULL,Personal Collection
44041,1,John Walsh,NULL,NULL,Personal Collection
2114,1,John Walsh,NULL,NULL,Personal Collection
6457,1,John Walsh,NULL,NULL,Personal Collection
2167,1,John Walsh,NULL,NULL,Personal Collection
US,2167,1,John Walsh,NULL,NULL
14219,1,John Walsh,NULL,NULL,Personal Collection
10003,1,John Walsh,NULL,NULL,Personal Collection
60645,1,John Walsh,NULL,NULL,Personal Collection
40208,1,John Walsh,NULL,NULL,Personal Collection
48183,1,John Walsh,NULL,NULL,Personal Collection
49417,1,John Walsh,NULL,NULL,Personal Collection
63031,1,John Walsh,NULL,NULL,Personal Collection
96372,1,John Walsh,NULL,NULL,Personal Collection
60615,1,John Walsh,NULL,NULL,Personal Collection
97850,1,John Walsh,NULL,NULL,Personal Collection
9132,1,John Walsh,NULL,NULL,Personal Collection
1108,1,John Walsh,NULL,NULL,Personal Collection
7481,1,John Walsh,NULL,NULL,Personal Collection
96240,1,John Walsh,NULL,NULL,Personal Collection
10956,1,John Walsh,NULL,NULL,Personal Collection
71270,1,John Walsh,NULL,NULL,Personal Collection
4106,1,John Walsh,NULL,NULL,Personal Collection
29301,1,John Walsh,NULL,NULL,Personal Collection
94941,1,John Walsh,NULL,NULL,Personal Collection
94590,1,John Walsh,NULL,NULL,Personal Collection
60617,1,John Walsh,NULL,NULL,Personal Collection
US,60617,1,John Walsh,NULL,NULL
1970,1,John Walsh,NULL,NULL,Personal Collection
10467,1,John Walsh,NULL,NULL,Personal Collection
11226,1,John Walsh,NULL,NULL,Personal Collection
48219,1,John Walsh,NULL,NULL,Personal Collection
29207,1,John Walsh,NULL,NULL,Personal Collection
19150,1,John Walsh,NULL,NULL,Personal Collection
47809,1,John Walsh,NULL,NULL,Personal Collection
92801,1,John Walsh,NULL,NULL,Personal Collection
15230,1,John Walsh,NULL,NULL,Personal Collection
60915,1,John Walsh,NULL,NULL,Personal Collection
60647,1,John Walsh,NULL,NULL,Personal Collection
30022,1,John Walsh,NULL,NULL,Personal Collection
11021,1,John Walsh,NULL,NULL,Personal Collection
10600,1,John Walsh,NULL,NULL,Personal Collection
90274,1,John Walsh,NULL,NULL,Personal Collection
93603,1,John Walsh,NULL,NULL,Personal Collection
55033,1,John Walsh,NULL,NULL,Personal Collection
11434,1,John Walsh,NULL,NULL,Personal Collection
19034,1,John Walsh,NULL,NULL,Personal Collection
2151,1,John Walsh,NULL,NULL,Personal Collection
41311,1,John Walsh,NULL,NULL,Personal Collection
33616,1,John Walsh,NULL,NULL,Personal Collection
6102,1,John Walsh,NULL,NULL,Personal Collection
21520,1,John Walsh,NULL,NULL,Personal Collection
46060,1,John Walsh,NULL,NULL,Personal Collection
63301,1,John Walsh,NULL,NULL,Personal Collection
95008,1,John Walsh,NULL,NULL,Personal Collection
91364,1,John Walsh,NULL,NULL,Personal Collection
13073,1,John Walsh,NULL,NULL,Personal Collection
19151,1,John Walsh,NULL,NULL,Personal Collection
95531,1,John Walsh,NULL,NULL,Personal Collection
71301,1,John Walsh,NULL,NULL,Personal Collection
29902,1,John Walsh,NULL,NULL,Personal Collection
23362,1,John Walsh,NULL,NULL,Personal Collection
37640,1,John Walsh,NULL,NULL,Personal Collection
64801,1,John Walsh,NULL,NULL,Personal Collection
11791,1,John Walsh,NULL,NULL,Personal Collection
79070,1,John Walsh,NULL,NULL,Personal Collection
70806,1,John Walsh,NULL,NULL,Personal Collection
77017,1,John Walsh,NULL,NULL,Personal Collection
72015,1,John Walsh,NULL,NULL,Personal Collection
80907,1,John Walsh,NULL,NULL,Personal Collection
15370,1,John Walsh,NULL,NULL,Personal Collection
99568,1,John Walsh,NULL,NULL,Personal Collection
18509,1,John Walsh,NULL,NULL,Personal Collection
10029,1,John Walsh,NULL,NULL,Personal Collection
US,10029,1,John Walsh,NULL,NULL
30060,1,John Walsh,NULL,NULL,Personal Collection
30110,1,John Walsh,NULL,NULL,Personal Collection
6374,1,John Walsh,NULL,NULL,Personal Collection
71291,1,John Walsh,NULL,NULL,Personal Collection
29605,1,John Walsh,NULL,NULL,Personal Collection
76126,1,John Walsh,NULL,NULL,Personal Collection
50648,1,John Walsh,NULL,NULL,Personal Collection
76901,1,John Walsh,NULL,NULL,Personal Collection
20854,1,John Walsh,NULL,NULL,Personal Collection
98011,1,John Walsh,NULL,NULL,Personal Collection
98902,1,John Walsh,NULL,NULL,Personal Collection
55116,1,John Walsh,NULL,NULL,Personal Collection
19141,1,John Walsh,NULL,NULL,Personal Collection
48706,1,John Walsh,NULL,NULL,Personal Collection
US,48706,1,John Walsh,NULL,NULL
19083,1,John Walsh,NULL,NULL,Personal Collection
60076,1,John Walsh,NULL,NULL,Personal Collection
11418,1,John Walsh,NULL,NULL,Personal Collection
23234,1,John Walsh,NULL,NULL,Personal Collection
13120,1,John Walsh,NULL,NULL,Personal Collection
31015,1,John Walsh,NULL,NULL,Personal Collection
95125,1,John Walsh,NULL,NULL,Personal Collection
US,11756,1,John Walsh,NULL,NULL
27406,1,John Walsh,NULL,NULL,Personal Collection
66044,1,John Walsh,NULL,NULL,Personal Collection
45804,1,John Walsh,NULL,NULL,Personal Collection
32216,1,John Walsh,NULL,NULL,Personal Collection
90247,1,John Walsh,NULL,NULL,Personal Collection
91324,1,John Walsh,NULL,NULL,Personal Collection
2127,1,John Walsh,NULL,NULL,Personal Collection
24951,1,John Walsh,NULL,NULL,Personal Collection
9102,1,John Walsh,NULL,NULL,Personal Collection
16438,1,John Walsh,NULL,NULL,Personal Collection
US,16438,1,John Walsh,NULL,NULL
48239,1,John Walsh,NULL,NULL,Personal Collection
11545,1,John Walsh,NULL,NULL,Personal Collection
93705,1,John Walsh,NULL,NULL,Personal Collection
76706,1,John Walsh,NULL,NULL,Personal Collection
46544,1,John Walsh,NULL,NULL,Personal Collection
6153,1,John Walsh,NULL,NULL,Personal Collection
10016,1,John Walsh,NULL,NULL,Personal Collection
32808,1,John Walsh,NULL,NULL,Personal Collection
60064,1,John Walsh,NULL,NULL,Personal Collection
7733,1,John Walsh,NULL,NULL,Personal Collection
6610,1,John Walsh,NULL,NULL,Personal Collection
95112,1,John Walsh,NULL,NULL,Personal Collection
10580,1,John Walsh,NULL,NULL,Personal Collection
33578,1,John Walsh,NULL,NULL,Personal Collection
99701,1,John Walsh,NULL,NULL,Personal Collection
70123,1,John Walsh,NULL,NULL,Personal Collection
96630,1,John Walsh,NULL,NULL,Personal Collection
23224,1,John Walsh,NULL,NULL,Personal Collection
94002,1,John Walsh,NULL,NULL,Personal Collection
17931,1,John Walsh,NULL,NULL,Personal Collection
96271,1,John Walsh,NULL,NULL,Personal Collection
92627,1,John Walsh,NULL,NULL,Personal Collection
85016,1,John Walsh,NULL,NULL,Personal Collection
15219,1,John Walsh,NULL,NULL,Personal Collection
33432,1,John Walsh,NULL,NULL,Personal Collection
48212,1,John Walsh,NULL,NULL,Personal Collection
US,48212,1,John Walsh,NULL,NULL
81301,1,John Walsh,NULL,NULL,Personal Collection
45701,1,John Walsh,NULL,NULL,Personal Collection
94598,1,John Walsh,NULL,NULL,Personal Collection
27030,1,John Walsh,NULL,NULL,Personal Collection
90640,1,John Walsh,NULL,NULL,Personal Collection
19104,1,John Walsh,NULL,NULL,Personal Collection
20020,1,John Walsh,NULL,NULL,Personal Collection
35803,1,John Walsh,NULL,NULL,Personal Collection
48192,1,John Walsh,NULL,NULL,Personal Collection
94305,1,John Walsh,NULL,NULL,Personal Collection
7764,1,John Walsh,NULL,NULL,Personal Collection
11234,1,John Walsh,NULL,NULL,Personal Collection
91352,1,John Walsh,NULL,NULL,Personal Collection
11236,1,John Walsh,NULL,NULL,Personal Collection
2158,1,John Walsh,NULL,NULL,Personal Collection
19609,1,John Walsh,NULL,NULL,Personal Collection
33313,1,John Walsh,NULL,NULL,Personal Collection
10471,1,John Walsh,NULL,NULL,Personal Collection
83501,1,John Walsh,NULL,NULL,Personal Collection
70807,1,John Walsh,NULL,NULL,Personal Collection
91722,1,John Walsh,NULL,NULL,Personal Collection
10451,1,John Walsh,NULL,NULL,Personal Collection
50310,1,John Walsh,NULL,NULL,Personal Collection
11223,1,John Walsh,NULL,NULL,Personal Collection
19004,1,John Walsh,NULL,NULL,Personal Collection
48205,1,John Walsh,NULL,NULL,Personal Collection
37206,1,John Walsh,NULL,NULL,Personal Collection
20735,1,John Walsh,NULL,NULL,Personal Collection
US,20735,1,John Walsh,NULL,NULL
11229,1,John Walsh,NULL,NULL,Personal Collection
60091,1,John Walsh,NULL,NULL,Personal Collection
44234,1,John Walsh,NULL,NULL,Personal Collection
48146,1,John Walsh,NULL,NULL,Personal Collection
45420,1,John Walsh,NULL,NULL,Personal Collection
14221,1,John Walsh,NULL,NULL,Personal Collection
74105,1,John Walsh,NULL,NULL,Personal Collection
19006,1,John Walsh,NULL,NULL,Personal Collection
60430,1,John Walsh,NULL,NULL,Personal Collection
18518,1,John Walsh,NULL,NULL,Personal Collection
56401,1,John Walsh,NULL,NULL,Personal Collection
21207,1,John Walsh,NULL,NULL,Personal Collection
29801,1,John Walsh,NULL,NULL,Personal Collection
US,840,1,John Walsh,NULL,NULL
US,62234,1,John Walsh,NULL,NULL
2139,1,John Walsh,NULL,NULL,Personal Collection
11050,1,John Walsh,NULL,NULL,Personal Collection
16125,1,John Walsh,NULL,NULL,Personal Collection
29670,1,John Walsh,NULL,NULL,Personal Collection
96816,1,John Walsh,NULL,NULL,Personal Collection
77027,1,John Walsh,NULL,NULL,Personal Collection
11219,1,John Walsh,NULL,NULL,Personal Collection
11375,1,John Walsh,NULL,NULL,Personal Collection
10463,1,John Walsh,NULL,NULL,Personal Collection
7024,1,John Walsh,NULL,NULL,Personal Collection
11357,1,John Walsh,NULL,NULL,Personal Collection
11364,1,John Walsh,NULL,NULL,Personal Collection
11753,1,John Walsh,NULL,NULL,Personal Collection
90631,1,John Walsh,NULL,NULL,Personal Collection
11598,1,John Walsh,NULL,NULL,Personal Collection
7009,1,John Walsh,NULL,NULL,Personal Collection
44714,1,John Walsh,NULL,NULL,Personal Collection
78363,1,John Walsh,NULL,NULL,Personal Collection
27563,1,John Walsh,NULL,NULL,Personal Collection
77840,1,John Walsh,NULL,NULL,Personal Collection
1089,1,John Walsh,NULL,NULL,Personal Collection
95132,1,John Walsh,NULL,NULL,Personal Collection
63109,1,John Walsh,NULL,NULL,Personal Collection
61024,1,John Walsh,NULL,NULL,Personal Collection
95841,1,John Walsh,NULL,NULL,Personal Collection
93420,1,John Walsh,NULL,NULL,Personal Collection
US,93420,1,John Walsh,NULL,NULL
32405,1,John Walsh,NULL,NULL,Personal Collection
65201,1,John Walsh,NULL,NULL,Personal Collection
44720,1,John Walsh,NULL,NULL,Personal Collection
10701,1,John Walsh,NULL,NULL,Personal Collection
US,10701,1,John Walsh,NULL,NULL
94544,1,John Walsh,NULL,NULL,Personal Collection
92117,1,John Walsh,NULL,NULL,Personal Collection
40220,1,John Walsh,NULL,NULL,Personal Collection
90638,1,John Walsh,NULL,NULL,Personal Collection
60201,1,John Walsh,NULL,NULL,Personal Collection
60201,2,Michigan State University,517-884-6471,Michigan State University Libraries,Comic Art Collection - Comic Books
16254,1,John Walsh,NULL,NULL,Personal Collection
10705,1,John Walsh,NULL,NULL,Personal Collection
98498,1,John Walsh,NULL,NULL,Personal Collection
55411,1,John Walsh,NULL,NULL,Personal Collection
48201,1,John Walsh,NULL,NULL,Personal Collection
11709,1,John Walsh,NULL,NULL,Personal Collection
17249,1,John Walsh,NULL,NULL,Personal Collection
95030,1,John Walsh,NULL,NULL,Personal Collection
20904,1,John Walsh,NULL,NULL,Personal Collection
15201,1,John Walsh,NULL,NULL,Personal Collection
32304,1,John Walsh,NULL,NULL,Personal Collection
63108,1,John Walsh,NULL,NULL,Personal Collection
73112,1,John Walsh,NULL,NULL,Personal Collection
60608,1,John Walsh,NULL,NULL,Personal Collection
2215,1,John Walsh,NULL,NULL,Personal Collection
11,1,John Walsh,NULL,NULL,Personal Collection
5,1,John Walsh,NULL,NULL,Personal Collection
15,1,John Walsh,NULL,NULL,Personal Collection
9,1,John Walsh,NULL,NULL,Personal Collection
92,1,John Walsh,NULL,NULL,Personal Collection
53,1,John Walsh,NULL,NULL,Personal Collection
26,1,John Walsh,NULL,NULL,Personal Collection
27,1,John Walsh,NULL,NULL,Personal Collection
64,1,John Walsh,NULL,NULL,Personal Collection
16,1,John Walsh,NULL,NULL,Personal Collection
20,1,John Walsh,NULL,NULL,Personal Collection
US,20,1,John Walsh,NULL,NULL
92133,1,John Walsh,NULL,NULL,Personal Collection
8,1,John Walsh,NULL,NULL,Personal Collection
91332,1,John Walsh,NULL,NULL,Personal Collection
90029,1,John Walsh,NULL,NULL,Personal Collection
91344,1,John Walsh,NULL,NULL,Personal Collection
US,91344,1,John Walsh,NULL,NULL
19056,1,John Walsh,NULL,NULL,Personal Collection
15423,1,John Walsh,NULL,NULL,Personal Collection
10039,1,John Walsh,NULL,NULL,Personal Collection
13224,1,John Walsh,NULL,NULL,Personal Collection
7626,1,John Walsh,NULL,NULL,Personal Collection
10009,1,John Walsh,NULL,NULL,Personal Collection
17370,1,John Walsh,NULL,NULL,Personal Collection
95020,1,John Walsh,NULL,NULL,Personal Collection
85017,1,John Walsh,NULL,NULL,Personal Collection
98107,1,John Walsh,NULL,NULL,Personal Collection
60655,1,John Walsh,NULL,NULL,Personal Collection
US,77833,1,John Walsh,NULL,NULL
US,21214,1,John Walsh,NULL,NULL
US,23455,1,John Walsh,NULL,NULL
US,61554,1,John Walsh,NULL,NULL
US,55769,1,John Walsh,NULL,NULL
US,97210,1,John Walsh,NULL,NULL
79924,1,John Walsh,NULL,NULL,Personal Collection
53711,1,John Walsh,NULL,NULL,Personal Collection
20863,1,John Walsh,NULL,NULL,Personal Collection
45426,1,John Walsh,NULL,NULL,Personal Collection
US,14150,1,John Walsh,NULL,NULL
US,94305,1,John Walsh,NULL,NULL
US,19120,1,John Walsh,NULL,NULL
19120,1,John Walsh,NULL,NULL,Personal Collection
US,91356,1,John Walsh,NULL,NULL
91401,1,John Walsh,NULL,NULL,Personal Collection
98362,1,John Walsh,NULL,NULL,Personal Collection
98362,2,Michigan State University,517-884-6471,Michigan State University Libraries,Comic Art Collection - Comic Books
30602,1,John Walsh,NULL,NULL,Personal Collection
US,10032,1,John Walsh,NULL,NULL
10032,1,John Walsh,NULL,NULL,Personal Collection
11214,1,John Walsh,NULL,NULL,Personal Collection
US,98105,1,John Walsh,NULL,NULL
8817,1,John Walsh,NULL,NULL,Personal Collection
14020,1,John Walsh,NULL,NULL,Personal Collection
US,53210,1,John Walsh,NULL,NULL
32601,1,John Walsh,NULL,NULL,Personal Collection
48453,1,John Walsh,NULL,NULL,Personal Collection
11367,1,John Walsh,NULL,NULL,Personal Collection
94118,1,John Walsh,NULL,NULL,Personal Collection
62220,1,John Walsh,NULL,NULL,Personal Collection
90815,1,John Walsh,NULL,NULL,Personal Collection
11218,1,John Walsh,NULL,NULL,Personal Collection
9757,1,John Walsh,NULL,NULL,Personal Collection
48104,1,John Walsh,NULL,NULL,Personal Collection
9011,1,John Walsh,NULL,NULL,Personal Collection
11639,1,John Walsh,NULL,NULL,Personal Collection
45211,1,John Walsh,NULL,NULL,Personal Collection
33040,1,John Walsh,NULL,NULL,Personal Collection
11746,1,John Walsh,NULL,NULL,Personal Collection
98595,1,John Walsh,NULL,NULL,Personal Collection
7054,1,John Walsh,NULL,NULL,Personal Collection
62930,1,John Walsh,NULL,NULL,Personal Collection
90808,1,John Walsh,NULL,NULL,Personal Collection
40873,1,John Walsh,NULL,NULL,Personal Collection
98225,1,John Walsh,NULL,NULL,Personal Collection
US,10459,1,John Walsh,NULL,NULL
US,32347,1,John Walsh,NULL,NULL
US,44102,1,John Walsh,NULL,NULL
44102,1,John Walsh,NULL,NULL,Personal Collection
US,75206,1,John Walsh,NULL,NULL
US,9036,1,John Walsh,NULL,NULL
US,14225,1,John Walsh,NULL,NULL
US,14006,1,John Walsh,NULL,NULL
US,63136,1,John Walsh,NULL,NULL
US,11375,1,John Walsh,NULL,NULL
US,15235,1,John Walsh,NULL,NULL
US,48601,1,John Walsh,NULL,NULL
US,8033,1,John Walsh,NULL,NULL
US,95305,1,John Walsh,NULL,NULL
US,45373,1,John Walsh,NULL,NULL
45373,2,Michigan State University,517-884-6471,Michigan State University Libraries,Comic Art Collection - Comic Books
US,62225,1,John Walsh,NULL,NULL
US,12572,1,John Walsh,NULL,NULL
US,53711,1,John Walsh,NULL,NULL
US,7866,1,John Walsh,NULL,NULL
US,19802,1,John Walsh,NULL,NULL
US,95988,1,John Walsh,NULL,NULL
US,60638,1,John Walsh,NULL,NULL
11803,1,John Walsh,NULL,NULL,Personal Collection
US,11803,1,John Walsh,NULL,NULL
2,Michigan State University,517-884-6471,Michigan State University Libraries,Comic Art Collection - Comic Books,NULL
44060,2,Michigan State University,517-884-6471,Michigan State University Libraries,Comic Art Collection - Comic Books
10024,1,John Walsh,NULL,NULL,Personal Collection
62095,1,John Walsh,NULL,NULL,Personal Collection
21210,1,John Walsh,NULL,NULL,Personal Collection
26505,1,John Walsh,NULL,NULL,Personal Collection
38116,1,John Walsh,NULL,NULL,Personal Collection
11566,1,John Walsh,NULL,NULL,Personal Collection
2860,1,John Walsh,NULL,NULL,Personal Collection
94706,1,John Walsh,NULL,NULL,Personal Collection
57069,1,John Walsh,NULL,NULL,Personal Collection
US,95660,1,John Walsh,NULL,NULL
46205,1,John Walsh,NULL,NULL,Personal Collection
68131,1,John Walsh,NULL,NULL,Personal Collection
15106,1,John Walsh,NULL,NULL,Personal Collection
19973,1,John Walsh,NULL,NULL,Personal Collection
90706,1,John Walsh,NULL,NULL,Personal Collection
7458,1,John Walsh,NULL,NULL,Personal Collection
38128,1,John Walsh,NULL,NULL,Personal Collection
14209,1,John Walsh,NULL,NULL,Personal Collection
78722,1,John Walsh,NULL,NULL,Personal Collection
10802,1,John Walsh,NULL,NULL,Personal Collection
55444,1,John Walsh,NULL,NULL,Personal Collection
97214,1,John Walsh,NULL,NULL,Personal Collection
92392,1,John Walsh,NULL,NULL,Personal Collection
36301,1,John Walsh,NULL,NULL,Personal Collection
US,63601,1,John Walsh,NULL,NULL
US,65281,1,John Walsh,NULL,NULL
US,11725,1,John Walsh,NULL,NULL
11725,1,John Walsh,NULL,NULL,Personal Collection
US,33528,1,John Walsh,NULL,NULL
US,95624,1,John Walsh,NULL,NULL
US,65201,1,John Walsh,NULL,NULL
US,93060,1,John Walsh,NULL,NULL
US,14845,1,John Walsh,NULL,NULL
US,30329,1,John Walsh,NULL,NULL
US,93941,1,John Walsh,NULL,NULL
US,7458,1,John Walsh,NULL,NULL
US,48017,1,John Walsh,NULL,NULL
US,96602,1,John Walsh,NULL,NULL
US,60635,1,John Walsh,NULL,NULL
US,50010,1,John Walsh,NULL,NULL
US,76367,1,John Walsh,NULL,NULL
76367,1,John Walsh,NULL,NULL,Personal Collection
43078,1,John Walsh,NULL,NULL,Personal Collection
US,14216,1,John Walsh,NULL,NULL
98907,1,John Walsh,NULL,NULL,Personal Collection
US,78202,1,John Walsh,NULL,NULL
57401,1,John Walsh,NULL,NULL,Personal Collection
70815,1,John Walsh,NULL,NULL,Personal Collection
72687,1,John Walsh,NULL,NULL,Personal Collection
US,71360,1,John Walsh,NULL,NULL
95207,1,John Walsh,NULL,NULL,Personal Collection
55303,1,John Walsh,NULL,NULL,Personal Collection
US,90046,1,John Walsh,NULL,NULL
90046,1,John Walsh,NULL,NULL,Personal Collection
46135,1,John Walsh,NULL,NULL,Personal Collection
10304,1,John Walsh,NULL,NULL,Personal Collection
10304,2,Michigan State University,517-884-6471,Michigan State University Libraries,Comic Art Collection - Comic Books
9184,1,John Walsh,NULL,NULL,Personal Collection
11358,1,John Walsh,NULL,NULL,Personal Collection
97355,1,John Walsh,NULL,NULL,Personal Collection
7419,1,John Walsh,NULL,NULL,Personal Collection
27514,1,John Walsh,NULL,NULL,Personal Collection
18201,1,John Walsh,NULL,NULL,Personal Collection
12866,1,John Walsh,NULL,NULL,Personal Collection
32780,1,John Walsh,NULL,NULL,Personal Collection
98112,1,John Walsh,NULL,NULL,Personal Collection
14843,1,John Walsh,NULL,NULL,Personal Collection
14617,1,John Walsh,NULL,NULL,Personal Collection
90405,1,John Walsh,NULL,NULL,Personal Collection
21444,1,John Walsh,NULL,NULL,Personal Collection
US,97213,1,John Walsh,NULL,NULL
US,94087,1,John Walsh,NULL,NULL
US,21221,1,John Walsh,NULL,NULL
US,94130,1,John Walsh,NULL,NULL
US,19607,1,John Walsh,NULL,NULL
US,61008,1,John Walsh,NULL,NULL
US,92343,1,John Walsh,NULL,NULL
8825,1,John Walsh,NULL,NULL,Personal Collection
60626,1,John Walsh,NULL,NULL,Personal Collection
33138,1,John Walsh,NULL,NULL,Personal Collection
43081,1,John Walsh,NULL,NULL,Personal Collection
24440,1,John Walsh,NULL,NULL,Personal Collection
28301,1,John Walsh,NULL,NULL,Personal Collection
56007,1,John Walsh,NULL,NULL,Personal Collection
55423,1,John Walsh,NULL,NULL,Personal Collection
94303,1,John Walsh,NULL,NULL,Personal Collection
13406,1,John Walsh,NULL,NULL,Personal Collection
29841,1,John Walsh,NULL,NULL,Personal Collection
98491,1,John Walsh,NULL,NULL,Personal Collection
28328,1,John Walsh,NULL,NULL,Personal Collection
T2R 186,1,John Walsh,NULL,NULL,Personal Collection
81623,1,John Walsh,NULL,NULL,Personal Collection
12029,1,John Walsh,NULL,NULL,Personal Collection
2912,1,John Walsh,NULL,NULL,Personal Collection
10019,1,John Walsh,NULL,NULL,Personal Collection
10308,1,John Walsh,NULL,NULL,Personal Collection
53218,1,John Walsh,NULL,NULL,Personal Collection
11215,1,John Walsh,NULL,NULL,Personal Collection
32809,1,John Walsh,NULL,NULL,Personal Collection
94709,1,John Walsh,NULL,NULL,Personal Collection
10804,1,John Walsh,NULL,NULL,Personal Collection
22170,1,John Walsh,NULL,NULL,Personal Collection
46324,1,John Walsh,NULL,NULL,Personal Collection
80233,1,John Walsh,NULL,NULL,Personal Collection
47904,1,John Walsh,NULL,NULL,Personal Collection
6284,1,John Walsh,NULL,NULL,Personal Collection
55405,1,John Walsh,NULL,NULL,Personal Collection
28716,1,John Walsh,NULL,NULL,Personal Collection
38238,1,John Walsh,NULL,NULL,Personal Collection
24018,1,John Walsh,NULL,NULL,Personal Collection
11530,1,John Walsh,NULL,NULL,Personal Collection
80734,1,John Walsh,NULL,NULL,Personal Collection
5602,1,John Walsh,NULL,NULL,Personal Collection
94063,1,John Walsh,NULL,NULL,Personal Collection
80207,1,John Walsh,NULL,NULL,Personal Collection
65550,1,John Walsh,NULL,NULL,Personal Collection
US,75080,1,John Walsh,NULL,NULL
US,29407,1,John Walsh,NULL,NULL
US,32931,1,John Walsh,NULL,NULL
US,43609,1,John Walsh,NULL,NULL
US,60640,1,John Walsh,NULL,NULL
US,11411,1,John Walsh,NULL,NULL
US,19104,1,John Walsh,NULL,NULL
US,7508,1,John Walsh,NULL,NULL
7508,1,John Walsh,NULL,NULL,Personal Collection
29407,1,John Walsh,NULL,NULL,Personal Collection
US,7666,1,John Walsh,NULL,NULL
US,53402,1,John Walsh,NULL,NULL
US,10015,1,John Walsh,NULL,NULL
US,20009,1,John Walsh,NULL,NULL
US,7104,1,John Walsh,NULL,NULL
91360,1,John Walsh,NULL,NULL,Personal Collection
US,55767,1,John Walsh,NULL,NULL
32603,1,John Walsh,NULL,NULL,Personal Collection
49504,1,John Walsh,NULL,NULL,Personal Collection
7506,1,John Walsh,NULL,NULL,Personal Collection
37215,1,John Walsh,NULL,NULL,Personal Collection
48066,1,John Walsh,NULL,NULL,Personal Collection
78723,1,John Walsh,NULL,NULL,Personal Collection
11413,1,John Walsh,NULL,NULL,Personal Collection
46168,1,John Walsh,NULL,NULL,Personal Collection
55426,1,John Walsh,NULL,NULL,Personal Collection
93442,1,John Walsh,NULL,NULL,Personal Collection
1313,1,John Walsh,NULL,NULL,Personal Collection
922 7Q2,1,John Walsh,NULL,NULL,Personal Collection
85635,1,John Walsh,NULL,NULL,Personal Collection
63141,1,John Walsh,NULL,NULL,Personal Collection
96555,1,John Walsh,NULL,NULL,Personal Collection
US,7054,1,John Walsh,NULL,NULL
17543,1,John Walsh,NULL,NULL,Personal Collection
33150,1,John Walsh,NULL,NULL,Personal Collection
43147,1,John Walsh,NULL,NULL,Personal Collection
62040,1,John Walsh,NULL,NULL,Personal Collection
20801,1,John Walsh,NULL,NULL,Personal Collection
72926,1,John Walsh,NULL,NULL,Personal Collection
55901,1,John Walsh,NULL,NULL,Personal Collection
US,61108,1,John Walsh,NULL,NULL
49783,1,John Walsh,NULL,NULL,Personal Collection
US,62002,1,John Walsh,NULL,NULL
60614,1,John Walsh,NULL,NULL,Personal Collection
64111,1,John Walsh,NULL,NULL,Personal Collection
US,90006,1,John Walsh,NULL,NULL
55414,1,John Walsh,NULL,NULL,Personal Collection
US,1749,1,John Walsh,NULL,NULL
56001,1,John Walsh,NULL,NULL,Personal Collection
55403,1,John Walsh,NULL,NULL,Personal Collection
15211,1,John Walsh,NULL,NULL,Personal Collection
US,96326,1,John Walsh,NULL,NULL
M9C 3C6,1,John Walsh,NULL,NULL,Personal Collection
90302,1,John Walsh,NULL,NULL,Personal Collection
62221,1,John Walsh,NULL,NULL,Personal Collection
2173,1,John Walsh,NULL,NULL,Personal Collection
20870,1,John Walsh,NULL,NULL,Personal Collection
48823,1,John Walsh,NULL,NULL,Personal Collection
13088,1,John Walsh,NULL,NULL,Personal Collection
61801,1,John Walsh,NULL,NULL,Personal Collection
95210,1,John Walsh,NULL,NULL,Personal Collection
88130,1,John Walsh,NULL,NULL,Personal Collection
75115,1,John Walsh,NULL,NULL,Personal Collection
K2A OY6,1,John Walsh,NULL,NULL,Personal Collection
33156,1,John Walsh,NULL,NULL,Personal Collection
2154,1,John Walsh,NULL,NULL,Personal Collection
10027,1,John Walsh,NULL,NULL,Personal Collection
44811,1,John Walsh,NULL,NULL,Personal Collection
60610,1,John Walsh,NULL,NULL,Personal Collection
2359,1,John Walsh,NULL,NULL,Personal Collection
77018,1,John Walsh,NULL,NULL,Personal Collection
9231,1,John Walsh,NULL,NULL,Personal Collection
90043,1,John Walsh,NULL,NULL,Personal Collection
12181,1,John Walsh,NULL,NULL,Personal Collection
37,1,John Walsh,NULL,NULL,Personal Collection
70114,1,John Walsh,NULL,NULL,Personal Collection
US,70114,1,John Walsh,NULL,NULL
30044,1,John Walsh,NULL,NULL,Personal Collection
40217,1,John Walsh,NULL,NULL,Personal Collection
9019,1,John Walsh,NULL,NULL,Personal Collection
8540,1,John Walsh,NULL,NULL,Personal Collection
45840,1,John Walsh,NULL,NULL,Personal Collection
39560,1,John Walsh,NULL,NULL,Personal Collection
48101,1,John Walsh,NULL,NULL,Personal Collection
60624,1,John Walsh,NULL,NULL,Personal Collection
79109,1,John Walsh,NULL,NULL,Personal Collection
19802,1,John Walsh,NULL,NULL,Personal Collection
US,6525,1,John Walsh,NULL,NULL
US,98225,1,John Walsh,NULL,NULL
US,90805,1,John Walsh,NULL,NULL
61310,1,John Walsh,NULL,NULL,Personal Collection
7087,1,John Walsh,NULL,NULL,Personal Collection
7050,1,John Walsh,NULL,NULL,Personal Collection
96345,1,John Walsh,NULL,NULL,Personal Collection
21005,1,John Walsh,NULL,NULL,Personal Collection
1876,1,John Walsh,NULL,NULL,Personal Collection
16801,1,John Walsh,NULL,NULL,Personal Collection
55792,1,John Walsh,NULL,NULL,Personal Collection
US,55792,1,John Walsh,NULL,NULL
9380,1,John Walsh,NULL,NULL,Personal Collection
60632,1,John Walsh,NULL,NULL,Personal Collection
10461,1,John Walsh,NULL,NULL,Personal Collection
92002,1,John Walsh,NULL,NULL,Personal Collection
80906,1,John Walsh,NULL,NULL,Personal Collection
1002,1,John Walsh,NULL,NULL,Personal Collection
28542,1,John Walsh,NULL,NULL,Personal Collection
80220,1,John Walsh,NULL,NULL,Personal Collection
19082,1,John Walsh,NULL,NULL,Personal Collection
30329,1,John Walsh,NULL,NULL,Personal Collection
7760,1,John Walsh,NULL,NULL,Personal Collection
60652,1,John Walsh,NULL,NULL,Personal Collection
7971,1,John Walsh,NULL,NULL,Personal Collection
95076,1,John Walsh,NULL,NULL,Personal Collection
92667,1,John Walsh,NULL,NULL,Personal Collection
7452,1,John Walsh,NULL,NULL,Personal Collection
10454,1,John Walsh,NULL,NULL,Personal Collection
55101,1,John Walsh,NULL,NULL,Personal Collection
45638,1,John Walsh,NULL,NULL,Personal Collection
21550,1,John Walsh,NULL,NULL,Personal Collection
60656,1,John Walsh,NULL,NULL,Personal Collection
3820,1,John Walsh,NULL,NULL,Personal Collection
79912,1,John Walsh,NULL,NULL,Personal Collection
20784,1,John Walsh,NULL,NULL,Personal Collection
11373,1,John Walsh,NULL,NULL,Personal Collection
19148,1,John Walsh,NULL,NULL,Personal Collection
9036,1,John Walsh,NULL,NULL,Personal Collection
49067,1,John Walsh,NULL,NULL,Personal Collection
60618,1,John Walsh,NULL,NULL,Personal Collection
43311,1,John Walsh,NULL,NULL,Personal Collection
54241,1,John Walsh,NULL,NULL,Personal Collection
7666,1,John Walsh,NULL,NULL,Personal Collection
16802,1,John Walsh,NULL,NULL,Personal Collection
60426,1,John Walsh,NULL,NULL,Personal Collection
75414,1,John Walsh,NULL,NULL,Personal Collection
67013,1,John Walsh,NULL,NULL,Personal Collection
2174,1,John Walsh,NULL,NULL,Personal Collection
33609,1,John Walsh,NULL,NULL,Personal Collection
9221,1,John Walsh,NULL,NULL,Personal Collection
30319,1,John Walsh,NULL,NULL,Personal Collection
58788,1,John Walsh,NULL,NULL,Personal Collection
13760,1,John Walsh,NULL,NULL,Personal Collection
94501,1,John Walsh,NULL,NULL,Personal Collection
US,94501,1,John Walsh,NULL,NULL
98146,1,John Walsh,NULL,NULL,Personal Collection
44108,1,John Walsh,NULL,NULL,Personal Collection
54901,1,John Walsh,NULL,NULL,Personal Collection
14215,1,John Walsh,NULL,NULL,Personal Collection
14150,1,John Walsh,NULL,NULL,Personal Collection
12302,1,John Walsh,NULL,NULL,Personal Collection
97303,1,John Walsh,NULL,NULL,Personal Collection
23701,1,John Walsh,NULL,NULL,Personal Collection
55108,1,John Walsh,NULL,NULL,Personal Collection
1907,1,John Walsh,NULL,NULL,Personal Collection
33460,1,John Walsh,NULL,NULL,Personal Collection
6492,1,John Walsh,NULL,NULL,Personal Collection
30904,1,John Walsh,NULL,NULL,Personal Collection
60016,1,John Walsh,NULL,NULL,Personal Collection
50036,1,John Walsh,NULL,NULL,Personal Collection
90303,1,John Walsh,NULL,NULL,Personal Collection
10306,1,John Walsh,NULL,NULL,Personal Collection
7670,1,John Walsh,NULL,NULL,Personal Collection
10462,1,John Walsh,NULL,NULL,Personal Collection
11040,1,John Walsh,NULL,NULL,Personal Collection
6673,1,John Walsh,NULL,NULL,Personal Collection
US,6673,1,John Walsh,NULL,NULL
74003,1,John Walsh,NULL,NULL,Personal Collection
45238,1,John Walsh,NULL,NULL,Personal Collection
99207,1,John Walsh,NULL,NULL,Personal Collection
2053,1,John Walsh,NULL,NULL,Personal Collection
21204,1,John Walsh,NULL,NULL,Personal Collection
39534,1,John Walsh,NULL,NULL,Personal Collection
96331,1,John Walsh,NULL,NULL,Personal Collection
70131,1,John Walsh,NULL,NULL,Personal Collection
11201,1,John Walsh,NULL,NULL,Personal Collection
22939,1,John Walsh,NULL,NULL,Personal Collection
13021,1,John Walsh,NULL,NULL,Personal Collection
94520,1,John Walsh,NULL,NULL,Personal Collection
6795,1,John Walsh,NULL,NULL,Personal Collection
30031,1,John Walsh,NULL,NULL,Personal Collection
92115,1,John Walsh,NULL,NULL,Personal Collection
33133,1,John Walsh,NULL,NULL,Personal Collection
19026,1,John Walsh,NULL,NULL,Personal Collection
75208,1,John Walsh,NULL,NULL,Personal Collection
8071,1,John Walsh,NULL,NULL,Personal Collection
37918,1,John Walsh,NULL,NULL,Personal Collection
48601,1,John Walsh,NULL,NULL,Personal Collection
68801,1,John Walsh,NULL,NULL,Personal Collection
77035,1,John Walsh,NULL,NULL,Personal Collection
55113,1,John Walsh,NULL,NULL,Personal Collection
70116,1,John Walsh,NULL,NULL,Personal Collection
7075,1,John Walsh,NULL,NULL,Personal Collection
7501,1,John Walsh,NULL,NULL,Personal Collection
98201,1,John Walsh,NULL,NULL,Personal Collection
19126,1,John Walsh,NULL,NULL,Personal Collection
60153,1,John Walsh,NULL,NULL,Personal Collection
37119,1,John Walsh,NULL,NULL,Personal Collection
15202,1,John Walsh,NULL,NULL,Personal Collection
10805,1,John Walsh,NULL,NULL,Personal Collection
98370,1,John Walsh,NULL,NULL,Personal Collection
11234,2,Michigan State University,517-884-6471,Michigan State University Libraries,Comic Art Collection - Comic Books
US,11234,1,John Walsh,NULL,NULL
US,15666,1,John Walsh,NULL,NULL
US,48504,1,John Walsh,NULL,NULL
US,11201,1,John Walsh,NULL,NULL
US,29640,1,John Walsh,NULL,NULL
US,43906,1,John Walsh,NULL,NULL
US,81501,1,John Walsh,NULL,NULL
US,45836,1,John Walsh,NULL,NULL
US,48202,1,John Walsh,NULL,NULL
US,48060,1,John Walsh,NULL,NULL
US,71109,1,John Walsh,NULL,NULL
14850,1,John Walsh,NULL,NULL,Personal Collection
96371,1,John Walsh,NULL,NULL,Personal Collection
26062,1,John Walsh,NULL,NULL,Personal Collection
6033,1,John Walsh,NULL,NULL,Personal Collection
35209,1,John Walsh,NULL,NULL,Personal Collection
28584,1,John Walsh,NULL,NULL,Personal Collection
23185,1,John Walsh,NULL,NULL,Personal Collection
44120,1,John Walsh,NULL,NULL,Personal Collection
33834,1,John Walsh,NULL,NULL,Personal Collection
64032,1,John Walsh,NULL,NULL,Personal Collection
33165,1,John Walsh,NULL,NULL,Personal Collection
90037,1,John Walsh,NULL,NULL,Personal Collection
71822,1,John Walsh,NULL,NULL,Personal Collection
11300,1,John Walsh,NULL,NULL,Personal Collection
9611,1,John Walsh,NULL,NULL,Personal Collection
40299,1,John Walsh,NULL,NULL,Personal Collection
8800,1,John Walsh,NULL,NULL,Personal Collection
78212,1,John Walsh,NULL,NULL,Personal Collection
92123,1,John Walsh,NULL,NULL,Personal Collection
21224,1,John Walsh,NULL,NULL,Personal Collection
11210,1,John Walsh,NULL,NULL,Personal Collection
59701,1,John Walsh,NULL,NULL,Personal Collection
90028,1,John Walsh,NULL,NULL,Personal Collection
95130,1,John Walsh,NULL,NULL,Personal Collection
33612,1,John Walsh,NULL,NULL,Personal Collection
47901,1,John Walsh,NULL,NULL,Personal Collection
95129,1,John Walsh,NULL,NULL,Personal Collection
95070,1,John Walsh,NULL,NULL,Personal Collection
1778,1,John Walsh,NULL,NULL,Personal Collection
9289,1,John Walsh,NULL,NULL,Personal Collection
11003,1,John Walsh,NULL,NULL,Personal Collection
26037,1,John Walsh,NULL,NULL,Personal Collection
11559,1,John Walsh,NULL,NULL,Personal Collection
19096,1,John Walsh,NULL,NULL,Personal Collection
93065,1,John Walsh,NULL,NULL,Personal Collection
94122,1,John Walsh,NULL,NULL,Personal Collection
80221,1,John Walsh,NULL,NULL,Personal Collection
17042,1,John Walsh,NULL,NULL,Personal Collection
47712,1,John Walsh,NULL,NULL,Personal Collection
78705,1,John Walsh,NULL,NULL,Personal Collection
54701,1,John Walsh,NULL,NULL,Personal Collection
54701,2,Michigan State University,517-884-6471,Michigan State University Libraries,Comic Art Collection - Comic Books
98031,1,John Walsh,NULL,NULL,Personal Collection
91306,1,John Walsh,NULL,NULL,Personal Collection
11379,1,John Walsh,NULL,NULL,Personal Collection
97005,1,John Walsh,NULL,NULL,Personal Collection
97123,1,John Walsh,NULL,NULL,Personal Collection
10520,1,John Walsh,NULL,NULL,Personal Collection
10520,2,Michigan State University,517-884-6471,Michigan State University Libraries,Comic Art Collection - Comic Books
61265,1,John Walsh,NULL,NULL,Personal Collection
93726,1,John Walsh,NULL,NULL,Personal Collection
10605,1,John Walsh,NULL,NULL,Personal Collection
97268,1,John Walsh,NULL,NULL,Personal Collection
20034,1,John Walsh,NULL,NULL,Personal Collection
48209,1,John Walsh,NULL,NULL,Personal Collection
46410,1,John Walsh,NULL,NULL,Personal Collection
60462,1,John Walsh,NULL,NULL,Personal Collection
94087,1,John Walsh,NULL,NULL,Personal Collection
44314,1,John Walsh,NULL,NULL,Personal Collection
77901,1,John Walsh,NULL,NULL,Personal Collection
12583,1,John Walsh,NULL,NULL,Personal Collection
6520,1,John Walsh,NULL,NULL,Personal Collection
95670,1,John Walsh,NULL,NULL,Personal Collection
95037,1,John Walsh,NULL,NULL,Personal Collection
62258,1,John Walsh,NULL,NULL,Personal Collection
60126,1,John Walsh,NULL,NULL,Personal Collection
11203,1,John Walsh,NULL,NULL,Personal Collection
2339,1,John Walsh,NULL,NULL,Personal Collection
50208,1,John Walsh,NULL,NULL,Personal Collection
11372,1,John Walsh,NULL,NULL,Personal Collection
23228,1,John Walsh,NULL,NULL,Personal Collection
15206,1,John Walsh,NULL,NULL,Personal Collection
66604,1,John Walsh,NULL,NULL,Personal Collection
15213,1,John Walsh,NULL,NULL,Personal Collection
10452,1,John Walsh,NULL,NULL,Personal Collection
48082,1,John Walsh,NULL,NULL,Personal Collection
1906,1,John Walsh,NULL,NULL,Personal Collection
42261,1,John Walsh,NULL,NULL,Personal Collection
45224,1,John Walsh,NULL,NULL,Personal Collection
61820,1,John Walsh,NULL,NULL,Personal Collection
2181,1,John Walsh,NULL,NULL,Personal Collection
US,97477,1,John Walsh,NULL,NULL
US,11783,1,John Walsh,NULL,NULL
11783,1,John Walsh,NULL,NULL,Personal Collection
US,10014,1,John Walsh,NULL,NULL
US,6430,1,John Walsh,NULL,NULL
80302,1,John Walsh,NULL,NULL,Personal Collection
91732,1,John Walsh,NULL,NULL,Personal Collection
55102,1,John Walsh,NULL,NULL,Personal Collection
US,55102,1,John Walsh,NULL,NULL
95118,1,John Walsh,NULL,NULL,Personal Collection
75080,1,John Walsh,NULL,NULL,Personal Collection
54301,1,John Walsh,NULL,NULL,Personal Collection
61109,1,John Walsh,NULL,NULL,Personal Collection
16917,1,John Walsh,NULL,NULL,Personal Collection
48602,1,John Walsh,NULL,NULL,Personal Collection
56554,1,John Walsh,NULL,NULL,Personal Collection
85008,1,John Walsh,NULL,NULL,Personal Collection
US,10472,1,John Walsh,NULL,NULL
US,60655,1,John Walsh,NULL,NULL
US,62664,1,John Walsh,NULL,NULL
59047,1,John Walsh,NULL,NULL,Personal Collection
60644,1,John Walsh,NULL,NULL,Personal Collection
33169,1,John Walsh,NULL,NULL,Personal Collection
8865,1,John Walsh,NULL,NULL,Personal Collection
14216,1,John Walsh,NULL,NULL,Personal Collection
10305,1,John Walsh,NULL,NULL,Personal Collection
65536,1,John Walsh,NULL,NULL,Personal Collection
32804,1,John Walsh,NULL,NULL,Personal Collection
11435,1,John Walsh,NULL,NULL,Personal Collection
19602,1,John Walsh,NULL,NULL,Personal Collection
45011,1,John Walsh,NULL,NULL,Personal Collection
62458,1,John Walsh,NULL,NULL,Personal Collection
29020,1,John Walsh,NULL,NULL,Personal Collection
45659,1,John Walsh,NULL,NULL,Personal Collection
23923,1,John Walsh,NULL,NULL,Personal Collection
48111,1,John Walsh,NULL,NULL,Personal Collection
26070,1,John Walsh,NULL,NULL,Personal Collection
39567,1,John Walsh,NULL,NULL,Personal Collection
66064,1,John Walsh,NULL,NULL,Personal Collection
95117,1,John Walsh,NULL,NULL,Personal Collection
37404,1,John Walsh,NULL,NULL,Personal Collection
1020,1,John Walsh,NULL,NULL,Personal Collection
62863,1,John Walsh,NULL,NULL,Personal Collection
31705,1,John Walsh,NULL,NULL,Personal Collection
75290,1,John Walsh,NULL,NULL,Personal Collection
11714,1,John Walsh,NULL,NULL,Personal Collection
11217,1,John Walsh,NULL,NULL,Personal Collection
19468,1,John Walsh,NULL,NULL,Personal Collection
99205,1,John Walsh,NULL,NULL,Personal Collection
19121,1,John Walsh,NULL,NULL,Personal Collection
8640,1,John Walsh,NULL,NULL,Personal Collection
16142,1,John Walsh,NULL,NULL,Personal Collection
22207,1,John Walsh,NULL,NULL,Personal Collection
37076,2,Michigan State University,517-884-6471,Michigan State University Libraries,Comic Art Collection - Comic Books
89109,1,John Walsh,NULL,NULL,Personal Collection
43050,2,Michigan State University,517-884-6471,Michigan State University Libraries,Comic Art Collection - Comic Books
6418,1,John Walsh,NULL,NULL,Personal Collection
2166,2,Michigan State University,517-884-6471,Michigan State University Libraries,Comic Art Collection - Comic Books
66002,1,John Walsh,NULL,NULL,Personal Collection
92405,2,Michigan State University,517-884-6471,Michigan State University Libraries,Comic Art Collection - Comic Books
32211,1,John Walsh,NULL,NULL,Personal Collection
49017,2,Michigan State University,517-884-6471,Michigan State University Libraries,Comic Art Collection - Comic Books
11790,1,John Walsh,NULL,NULL,Personal Collection
55426,2,Michigan State University,517-884-6471,Michigan State University Libraries,Comic Art Collection - Comic Books
97110,2,Michigan State University,517-884-6471,Michigan State University Libraries,Comic Art Collection - Comic Books
43017,1,John Walsh,NULL,NULL,Personal Collection
15146,2,Michigan State University,517-884-6471,Michigan State University Libraries,Comic Art Collection - Comic Books
63130,2,Michigan State University,517-884-6471,Michigan State University Libraries,Comic Art Collection - Comic Books
94122,2,Michigan State University,517-884-6471,Michigan State University Libraries,Comic Art Collection - Comic Books
10810,1,John Walsh,NULL,NULL,Personal Collection
43725,2,Michigan State University,517-884-6471,Michigan State University Libraries,Comic Art Collection - Comic Books
32569,1,John Walsh,NULL,NULL,Personal Collection
4011,2,Michigan State University,517-884-6471,Michigan State University Libraries,Comic Art Collection - Comic Books
11579,1,John Walsh,NULL,NULL,Personal Collection
94703,2,Michigan State University,517-884-6471,Michigan State University Libraries,Comic Art Collection - Comic Books
19074,1,John Walsh,NULL,NULL,Personal Collection
45504,2,Michigan State University,517-884-6471,Michigan State University Libraries,Comic Art Collection - Comic Books
1905,1,John Walsh,NULL,NULL,Personal Collection
48104,2,Michigan State University,517-884-6471,Michigan State University Libraries,Comic Art Collection - Comic Books
10028,2,Michigan State University,517-884-6471,Michigan State University Libraries,Comic Art Collection - Comic Books
90035,1,John Walsh,NULL,NULL,Personal Collection
97501,2,Michigan State University,517-884-6471,Michigan State University Libraries,Comic Art Collection - Comic Books
62231,1,John Walsh,NULL,NULL,Personal Collection
47401,2,Michigan State University,517-884-6471,Michigan State University Libraries,Comic Art Collection - Comic Books
30301,2,Michigan State University,517-884-6471,Michigan State University Libraries,Comic Art Collection - Comic Books
18015,1,John Walsh,NULL,NULL,Personal Collection
41075,2,Michigan State University,517-884-6471,Michigan State University Libraries,Comic Art Collection - Comic Books
67214,2,Michigan State University,517-884-6471,Michigan State University Libraries,Comic Art Collection - Comic Books
86326,2,Michigan State University,517-884-6471,Michigan State University Libraries,Comic Art Collection - Comic Books
18431,2,Michigan State University,517-884-6471,Michigan State University Libraries,Comic Art Collection - Comic Books
1330,1,John Walsh,NULL,NULL,Personal Collection
40210,1,John Walsh,NULL,NULL,Personal Collection
6241,1,John Walsh,NULL,NULL,Personal Collection
29105,1,John Walsh,NULL,NULL,Personal Collection
72455,1,John Walsh,NULL,NULL,Personal Collection
9403,1,John Walsh,NULL,NULL,Personal Collection
93309,1,John Walsh,NULL,NULL,Personal Collection
2541,1,John Walsh,NULL,NULL,Personal Collection
94577,1,John Walsh,NULL,NULL,Personal Collection
6516,1,John Walsh,NULL,NULL,Personal Collection
94530,1,John Walsh,NULL,NULL,Personal Collection
26618,1,John Walsh,NULL,NULL,Personal Collection
22306,1,John Walsh,NULL,NULL,Personal Collection
2881,1,John Walsh,NULL,NULL,Personal Collection
45504,1,John Walsh,NULL,NULL,Personal Collection
44278,1,John Walsh,NULL,NULL,Personal Collection
68113,1,John Walsh,NULL,NULL,Personal Collection
93017,1,John Walsh,NULL,NULL,Personal Collection
Puerto Rico,911,1,John Walsh,NULL,NULL
US,42020,1,John Walsh,NULL,NULL
US,13850,1,John Walsh,NULL,NULL
US,52501,1,John Walsh,NULL,NULL
US,95616,1,John Walsh,NULL,NULL
US,94306,1,John Walsh,NULL,NULL
US,10021,1,John Walsh,NULL,NULL
94133,US,1,John Walsh,NULL,NULL
US,94704,1,John Walsh,NULL,NULL
NULL,NULL,1,John Walsh,NULL,NULL
US,10301,1,John Walsh,NULL,NULL
US,90066,1,John Walsh,NULL,NULL
US,48104,1,John Walsh,NULL,NULL
ME,NULL,1,John Walsh,NULL,NULL
US,32601,1,John Walsh,NULL,NULL
US,98118,1,John Walsh,NULL,NULL
US,8046,1,John Walsh,NULL,NULL
US,22191,1,John Walsh,NULL,NULL
US,11792,1,John Walsh,NULL,NULL
US,38614,1,John Walsh,NULL,NULL
US,20646,1,John Walsh,NULL,NULL
US,75040,1,John Walsh,NULL,NULL
US,96814,1,John Walsh,NULL,NULL
US,93103,1,John Walsh,NULL,NULL
US,79944,1,John Walsh,NULL,NULL
US,10463,1,John Walsh,NULL,NULL
US,95405,1,John Walsh,NULL,NULL
US,90201,1,John Walsh,NULL,NULL
US,45205,1,John Walsh,NULL,NULL
US,30060,1,John Walsh,NULL,NULL
US,60131,1,John Walsh,NULL,NULL
6880,2,Michigan State University,517-884-6471,Michigan State University Libraries,Comic Art Collection - Comic Books
11980,2,Michigan State University,517-884-6471,Michigan State University Libraries,Comic Art Collection - Comic Books
13210,2,Michigan State University,517-884-6471,Michigan State University Libraries,Comic Art Collection - Comic Books
98103,2,Michigan State University,517-884-6471,Michigan State University Libraries,Comic Art Collection - Comic Books
95662,2,Michigan State University,517-884-6471,Michigan State University Libraries,Comic Art Collection - Comic Books
90068,2,Michigan State University,517-884-6471,Michigan State University Libraries,Comic Art Collection - Comic Books
25116,2,Michigan State University,517-884-6471,Michigan State University Libraries,Comic Art Collection - Comic Books
11746,2,Michigan State University,517-884-6471,Michigan State University Libraries,Comic Art Collection - Comic Books
65803,2,Michigan State University,517-884-6471,Michigan State University Libraries,Comic Art Collection - Comic Books
48124,2,Michigan State University,517-884-6471,Michigan State University Libraries,Comic Art Collection - Comic Books
10002,2,Michigan State University,517-884-6471,Michigan State University Libraries,Comic Art Collection - Comic Books
22046,2,Michigan State University,517-884-6471,Michigan State University Libraries,Comic Art Collection - Comic Books
60506,1,John Walsh,NULL,NULL,Personal Collection
80210,1,John Walsh,NULL,NULL,Personal Collection
46403,1,John Walsh,NULL,NULL,Personal Collection
6011,1,John Walsh,NULL,NULL,Personal Collection
8090,1,John Walsh,NULL,NULL,Personal Collection
78209,1,John Walsh,NULL,NULL,Personal Collection
null,1,John Walsh,NULL,NULL,Personal Collection
9123,1,John Walsh,NULL,NULL,Personal Collection
19422,1,John Walsh,NULL,NULL,Personal Collection
48910,1,John Walsh,NULL,NULL,Personal Collection
87108,1,John Walsh,NULL,NULL,Personal Collection
95482,1,John Walsh,NULL,NULL,Personal Collection
63105,1,John Walsh,NULL,NULL,Personal Collection
3858,1,John Walsh,NULL,NULL,Personal Collection
22186,1,John Walsh,NULL,NULL,Personal Collection
13045,1,John Walsh,NULL,NULL,Personal Collection
44022,1,John Walsh,NULL,NULL,Personal Collection
85021,1,John Walsh,NULL,NULL,Personal Collection
56589,1,John Walsh,NULL,NULL,Personal Collection
52240,1,John Walsh,NULL,NULL,Personal Collection
21236,1,John Walsh,NULL,NULL,Personal Collection
10523,1,John Walsh,NULL,NULL,Personal Collection
36609,1,John Walsh,NULL,NULL,Personal Collection
94704,1,John Walsh,NULL,NULL,Personal Collection
46226,1,John Walsh,NULL,NULL,Personal Collection
11762,1,John Walsh,NULL,NULL,Personal Collection
92083,1,John Walsh,NULL,NULL,Personal Collection
46725,1,John Walsh,NULL,NULL,Personal Collection
47710,1,John Walsh,NULL,NULL,Personal Collection
2146,1,John Walsh,NULL,NULL,Personal Collection
29412,1,John Walsh,NULL,NULL,Personal Collection
61201,1,John Walsh,NULL,NULL,Personal Collection
72401,1,John Walsh,NULL,NULL,Personal Collection
72206,1,John Walsh,NULL,NULL,Personal Collection
44708,1,John Walsh,NULL,NULL,Personal Collection
96349,1,John Walsh,NULL,NULL,Personal Collection
48093,1,John Walsh,NULL,NULL,Personal Collection
61350,1,John Walsh,NULL,NULL,Personal Collection
92629,1,John Walsh,NULL,NULL,Personal Collection
22201,1,John Walsh,NULL,NULL,Personal Collection
19143,1,John Walsh,NULL,NULL,Personal Collection
19111,1,John Walsh,NULL,NULL,Personal Collection
21113,1,John Walsh,NULL,NULL,Personal Collection
11772,1,John Walsh,NULL,NULL,Personal Collection
44138,1,John Walsh,NULL,NULL,Personal Collection
11368,1,John Walsh,NULL,NULL,Personal Collection
7675,1,John Walsh,NULL,NULL,Personal Collection
9080,1,John Walsh,NULL,NULL,Personal Collection
90610,1,John Walsh,NULL,NULL,Personal Collection
90610,2,Michigan State University,517-884-6471,Michigan State University Libraries,Comic Art Collection - Comic Books
US,null,1,John Walsh,NULL,NULL
AU,null,1,John Walsh,NULL,NULL
GU,null,1,John Walsh,NULL,NULL
CA,null,1,John Walsh,NULL,NULL
JA,null,1,John Walsh,NULL,NULL
US,7002,1,John Walsh,NULL,NULL
IT,null,1,John Walsh,NULL,NULL
US,53081,1,John Walsh,NULL,NULL
US,44111,1,John Walsh,NULL,NULL
US,10003,1,John Walsh,NULL,NULL
US,52563,1,John Walsh,NULL,NULL
US,70123,1,John Walsh,NULL,NULL
US,10456,1,John Walsh,NULL,NULL
US,44112,1,John Walsh,NULL,NULL
US,55412,1,John Walsh,NULL,NULL
US,76567,1,John Walsh,NULL,NULL
US,90707,1,John Walsh,NULL,NULL
US,10801,1,John Walsh,NULL,NULL
US,45417,1,John Walsh,NULL,NULL
US,2132,1,John Walsh,NULL,NULL
US,49738,1,John Walsh,NULL,NULL
US,85008,1,John Walsh,NULL,NULL
DE,null,1,John Walsh,NULL,NULL
US,19865,1,John Walsh,NULL,NULL
US,84107,1,John Walsh,NULL,NULL
GB,null,1,John Walsh,NULL,NULL
US,60626,1,John Walsh,NULL,NULL
US,15065,1,John Walsh,NULL,NULL
MX,null,1,John Walsh,NULL,NULL
US,62040,1,John Walsh,NULL,NULL
US,60062,1,John Walsh,NULL,NULL
US,66525,1,John Walsh,NULL,NULL
US,95124,1,John Walsh,NULL,NULL
US,94598,1,John Walsh,NULL,NULL
US,60639,1,John Walsh,NULL,NULL
US,10465,1,John Walsh,NULL,NULL
US,15101,1,John Walsh,NULL,NULL
US,10022,1,John Walsh,NULL,NULL
US,91740,1,John Walsh,NULL,NULL
US,6516,1,John Walsh,NULL,NULL
US,51301,1,John Walsh,NULL,NULL
US,59923,1,John Walsh,NULL,NULL
US,15213,1,John Walsh,NULL,NULL
US,44240,1,John Walsh,NULL,NULL
US,45416,1,John Walsh,NULL,NULL
US,18974,1,John Walsh,NULL,NULL
US,9171,1,John Walsh,NULL,NULL
US,3585,1,John Walsh,NULL,NULL
US,91401,1,John Walsh,NULL,NULL
US,2067,1,John Walsh,NULL,NULL
US,9107,1,John Walsh,NULL,NULL
US,98038,1,John Walsh,NULL,NULL
US,2539,1,John Walsh,NULL,NULL
US,17801,1,John Walsh,NULL,NULL
US,11215,1,John Walsh,NULL,NULL
US,60110,1,John Walsh,NULL,NULL
TT,null,1,John Walsh,NULL,NULL
US,2906,1,John Walsh,NULL,NULL
US,56308,1,John Walsh,NULL,NULL
US,12304,1,John Walsh,NULL,NULL
US,78550,1,John Walsh,NULL,NULL
US,68108,1,John Walsh,NULL,NULL
US,8052,1,John Walsh,NULL,NULL
US,11236,1,John Walsh,NULL,NULL
US,82001,1,John Walsh,NULL,NULL
US,15237,1,John Walsh,NULL,NULL
US,92145,1,John Walsh,NULL,NULL
IE,null,1,John Walsh,NULL,NULL
US,47302,1,John Walsh,NULL,NULL
US,59601,1,John Walsh,NULL,NULL
US,19320,1,John Walsh,NULL,NULL
US,48206,1,John Walsh,NULL,NULL
US,88104,1,John Walsh,NULL,NULL
US,22003,1,John Walsh,NULL,NULL
US,18201,1,John Walsh,NULL,NULL
US,10453,1,John Walsh,NULL,NULL
US,63130,1,John Walsh,NULL,NULL
US,9026,1,John Walsh,NULL,NULL
US,48428,1,John Walsh,NULL,NULL
US,55414,1,John Walsh,NULL,NULL
US,63111,1,John Walsh,NULL,NULL
US,37167,1,John Walsh,NULL,NULL
US,11418,1,John Walsh,NULL,NULL
US,10460,1,John Walsh,NULL,NULL
US,54619,1,John Walsh,NULL,NULL
US,9175,1,John Walsh,NULL,NULL
US,15902,1,John Walsh,NULL,NULL
US,99669,1,John Walsh,NULL,NULL
US,58274,1,John Walsh,NULL,NULL
US,53224,1,John Walsh,NULL,NULL
US,11229,1,John Walsh,NULL,NULL
IN,null,1,John Walsh,NULL,NULL
US,8526,1,John Walsh,NULL,NULL
US,1220,1,John Walsh,NULL,NULL
US,96822,1,John Walsh,NULL,NULL
US,96555,1,John Walsh,NULL,NULL
US,2135,1,John Walsh,NULL,NULL
US,72450,1,John Walsh,NULL,NULL
null,2,Michigan State University,517-884-6471,Michigan State University Libraries,Comic Art Collection - Comic Books
14617,2,Michigan State University,517-884-6471,Michigan State University Libraries,Comic Art Collection - Comic Books
95051,2,Michigan State University,517-884-6471,Michigan State University Libraries,Comic Art Collection - Comic Books
47225,2,Michigan State University,517-884-6471,Michigan State University Libraries,Comic Art Collection - Comic Books
60438,2,Michigan State University,517-884-6471,Michigan State University Libraries,Comic Art Collection - Comic Books
32401,2,Michigan State University,517-884-6471,Michigan State University Libraries,Comic Art Collection - Comic Books
92114,2,Michigan State University,517-884-6471,Michigan State University Libraries,Comic Art Collection - Comic Books
7000,2,Michigan State University,517-884-6471,Michigan State University Libraries,Comic Art Collection - Comic Books
19004,2,Michigan State University,517-884-6471,Michigan State University Libraries,Comic Art Collection - Comic Books
46218,2,Michigan State University,517-884-6471,Michigan State University Libraries,Comic Art Collection - Comic Books
48603,2,Michigan State University,517-884-6471,Michigan State University Libraries,Comic Art Collection - Comic Books
14063,2,Michigan State University,517-884-6471,Michigan State University Libraries,Comic Art Collection - Comic Books
10952,2,Michigan State University,517-884-6471,Michigan State University Libraries,Comic Art Collection - Comic Books
61868,2,Michigan State University,517-884-6471,Michigan State University Libraries,Comic Art Collection - Comic Books
11020,2,Michigan State University,517-884-6471,Michigan State University Libraries,Comic Art Collection - Comic Books
62311,2,Michigan State University,517-884-6471,Michigan State University Libraries,Comic Art Collection - Comic Books
11201,2,Michigan State University,517-884-6471,Michigan State University Libraries,Comic Art Collection - Comic Books
94022,2,Michigan State University,517-884-6471,Michigan State University Libraries,Comic Art Collection - Comic Books
60626,2,Michigan State University,517-884-6471,Michigan State University Libraries,Comic Art Collection - Comic Books
72360,2,Michigan State University,517-884-6471,Michigan State University Libraries,Comic Art Collection - Comic Books
15204,2,Michigan State University,517-884-6471,Michigan State University Libraries,Comic Art Collection - Comic Books
47804,2,Michigan State University,517-884-6471,Michigan State University Libraries,Comic Art Collection - Comic Books
58701,2,Michigan State University,517-884-6471,Michigan State University Libraries,Comic Art Collection - Comic Books
19006,2,Michigan State University,517-884-6471,Michigan State University Libraries,Comic Art Collection - Comic Books
8846,2,Michigan State University,517-884-6471,Michigan State University Libraries,Comic Art Collection - Comic Books
44846,2,Michigan State University,517-884-6471,Michigan State University Libraries,Comic Art Collection - Comic Books
55119,2,Michigan State University,517-884-6471,Michigan State University Libraries,Comic Art Collection - Comic Books
59801,2,Michigan State University,517-884-6471,Michigan State University Libraries,Comic Art Collection - Comic Books
44102,2,Michigan State University,517-884-6471,Michigan State University Libraries,Comic Art Collection - Comic Books
95603,2,Michigan State University,517-884-6471,Michigan State University Libraries,Comic Art Collection - Comic Books
29209,2,Michigan State University,517-884-6471,Michigan State University Libraries,Comic Art Collection - Comic Books
94062,2,Michigan State University,517-884-6471,Michigan State University Libraries,Comic Art Collection - Comic Books
31404,2,Michigan State University,517-884-6471,Michigan State University Libraries,Comic Art Collection - Comic Books
98105,2,Michigan State University,517-884-6471,Michigan State University Libraries,Comic Art Collection - Comic Books
43403,2,Michigan State University,517-884-6471,Michigan State University Libraries,Comic Art Collection - Comic Books
61761,2,Michigan State University,517-884-6471,Michigan State University Libraries,Comic Art Collection - Comic Books
US,96238,1,John Walsh,NULL,NULL
US,60634,1,John Walsh,NULL,NULL
US,6483,1,John Walsh,NULL,NULL
US,30601,1,John Walsh,NULL,NULL
